"date","cross","trt","plate","plate.no","well.no","length.pix","calib.pix","length.mm"
2019-03-29,"F02M03",2,1,"1-1C","1-1C-1",349.44,28.38,12.3128964059197
2019-03-29,"F02M03",2,1,"1-1C","1-1C-2",343.09,28.38,12.0891472868217
2019-03-29,"F02M03",2,1,"1-1C","1-1C-3",333.51,28.38,11.7515856236786
2019-03-29,"F02M03",2,1,"1-1C","1-1C-4",360.48,28.38,12.7019027484144
2019-03-29,"F02M03",2,1,"1-1C","1-1C-5",355.48,28.38,12.5257223396758
2019-03-29,"F02M03",2,1,"1-1C","1-1C-6",350.7,28.38,12.3572938689218
2019-03-29,"F02M03",2,1,"1-1D","1-1D-1",328.23,28.38,11.5655391120507
2019-03-29,"F02M03",2,1,"1-1D","1-1D-2",342.24,28.38,12.0591966173362
2019-03-29,"F02M03",2,1,"1-1D","1-1D-3",350.9,28.38,12.3643410852713
2019-03-29,"F02M03",2,1,"1-1D","1-1D-4",350.47,28.38,12.3491895701198
2019-03-29,"F02M03",2,1,"1-1D","1-1D-5",353.81,28.38,12.4668780831572
2019-03-29,"F02M03",2,1,"1-1D","1-1D-6",333.86,28.38,11.7639182522903
2019-04-30,"F09M12",2,2,"1-2B","1-2B-5",309.72,29.05,10.6616179001721
2019-05-10,"F09M12",2,2,"1-2B","1-2B-1",291.12,29.01,10.0351602895553
2019-05-10,"F09M12",2,2,"1-2B","1-2B-6",317.09,29.01,10.9303688383316
2019-05-15,"F09M12",2,2,"1-2A","1-2A-1",307.99,28.5033333333333,10.8054028768565
2019-05-15,"F09M12",2,2,"1-2A","1-2A-2",311.03,28.5033333333333,10.9120570693486
2019-05-15,"F09M12",2,2,"1-2A","1-2A-3",301.75,28.5033333333333,10.5864811133201
2019-05-15,"F09M12",2,2,"1-2A","1-2A-5",314.76,28.5033333333333,11.0429189568472
2019-05-15,"F09M12",2,2,"1-2A","1-2A-6",315.91,28.5033333333333,11.0832651151912
2019-05-15,"F09M12",2,2,"1-2B","1-2B-2",325.65,28.5033333333333,11.4249795345574
2019-05-15,"F09M12",2,2,"1-2B","1-2B-3",297.27,28.5033333333333,10.429306513858
2019-05-15,"F09M12",2,2,"1-2B","1-2B-4",307.87,28.5033333333333,10.8011928429423
2019-05-08,"F02M03",2,3,"1-3C","1-3C-4",335.49,28.9066666666667,11.6059732472325
2019-05-08,"F02M03",2,3,"1-3C","1-3C-5",351.44,28.9066666666667,12.1577490774908
2019-05-08,"F02M03",2,3,"1-3D","1-3D-3",352.77,28.9066666666667,12.2037592250923
2019-05-09,"F02M03",2,3,"1-3C","1-3C-5",359.16,29.1833333333333,12.3070245573958
2019-05-09,"F02M03",2,3,"1-3D","1-3D-3",345.9,29.1833333333333,11.8526556253569
2019-05-15,"F02M03",2,3,"1-3C","1-3C-3",351.53,28.3433333333333,12.4025638010114
2019-05-15,"F02M03",2,3,"1-3C","1-3C-6",351.94,28.3433333333333,12.4170292837822
2019-05-15,"F02M03",2,3,"1-3D","1-3D-1",342.15,28.3433333333333,12.071621780548
2019-05-15,"F02M03",2,3,"1-3D","1-3D-2",343.78,28.3433333333333,12.1291308949782
2019-05-15,"F02M03",2,3,"1-3D","1-3D-4",330.61,28.3433333333333,11.6644713630483
2019-05-15,"F02M03",2,3,"1-3D","1-3D-5",354.23,28.3433333333333,12.4978242973068
2019-05-15,"F02M03",2,3,"1-3D","1-3D-6",356.35,28.3433333333333,12.5726214277314
2019-04-17,"F09M12",2,4,"1-4A","1-4A-4",285.69,29.24,9.77051983584131
2019-05-15,"F09M12",2,4,"1-4A","1-4A-1",308.4,28.7066666666667,10.743149094287
2019-05-15,"F09M12",2,4,"1-4A","1-4A-2",291.79,28.7066666666667,10.164537854157
2019-05-15,"F09M12",2,4,"1-4A","1-4A-3",281.7,28.7066666666667,9.81305155596842
2019-05-15,"F09M12",2,4,"1-4A","1-4A-6",300.13,28.7066666666667,10.4550627032048
2019-05-15,"F09M12",2,4,"1-4B","1-4B-1",288.75,28.7066666666667,10.0586391082211
2019-05-15,"F09M12",2,4,"1-4B","1-4B-6",315.04,28.7066666666667,10.9744542498839
2019-05-15,"F02M03",2,5,"1-5C","1-5C-1",347.48,28.47,12.2051282051282
2019-05-15,"F02M03",2,5,"1-5C","1-5C-2",345.63,28.47,12.1401475237092
2019-05-15,"F02M03",2,5,"1-5C","1-5C-3",351.24,28.47,12.3371970495258
2019-05-15,"F02M03",2,5,"1-5C","1-5C-4",351.84,28.47,12.3582718651212
2019-05-15,"F02M03",2,5,"1-5C","1-5C-6",350.54,28.47,12.3126097646646
2019-05-15,"F02M03",2,5,"1-5D","1-5D-1",353.67,28.47,12.422550052687
2019-05-15,"F02M03",2,5,"1-5D","1-5D-2",354.05,28.47,12.4358974358974
2019-05-15,"F02M03",2,5,"1-5D","1-5D-3",339.66,28.47,11.9304531085353
2019-05-15,"F02M03",2,5,"1-5D","1-5D-4",365.19,28.47,12.827186512118
2019-05-15,"F02M03",2,5,"1-5D","1-5D-5",355.38,28.47,12.4826132771338
2019-05-15,"F02M03",2,5,"1-5D","1-5D-6",354.94,28.47,12.4671584123639
2019-05-04,"F03M04",2,6,"1-6D","1-6D-1",264.68,29.0266666666667,9.11851171336702
2019-05-15,"F09M12",2,6,"1-6A","1-6A-5",311.55,28.4066666666667,10.9674958929829
2019-05-15,"F09M12",2,6,"1-6A","1-6A-6",320.61,28.4066666666667,11.2864351091293
2019-05-15,"F09M12",2,6,"1-6B","1-6B-1",301.22,28.4066666666667,10.6038488617695
2019-05-15,"F09M12",2,6,"1-6B","1-6B-2",303.78,28.4066666666667,10.6939685519831
2019-05-15,"F09M12",2,6,"1-6B","1-6B-6",312.63,28.4066666666667,11.0055151372917
2019-05-10,"F02M03",2,7,"1-7C","1-7C-3",349.23,28.8433333333333,12.1078238761123
2019-05-15,"F02M03",2,7,"1-7C","1-7C-1",355.06,28.3833333333333,12.5094539048738
2019-05-15,"F02M03",2,7,"1-7C","1-7C-4",333.31,28.3833333333333,11.7431591309454
2019-05-15,"F02M03",2,7,"1-7C","1-7C-5",351.13,28.3833333333333,12.3709923664122
2019-05-15,"F02M03",2,7,"1-7C","1-7C-6",357.98,28.3833333333333,12.6123311802701
2019-05-15,"F02M03",2,7,"1-7D","1-7D-1",346.98,28.3833333333333,12.2247798003523
2019-05-15,"F02M03",2,7,"1-7D","1-7D-2",332.71,28.3833333333333,11.7220199647681
2019-05-15,"F02M03",2,7,"1-7D","1-7D-4",346.84,28.3833333333333,12.2198473282443
2019-05-15,"F02M03",2,7,"1-7D","1-7D-5",346.6,28.3833333333333,12.2113916617733
2019-05-15,"F02M03",2,7,"1-7D","1-7D-6",360.36,28.3833333333333,12.6961832061069
2019-03-29,"F09M12",2,8,"1-8B","1-8B-4",187.41,21.39,8.76157082748948
2019-04-19,"F09M12",2,8,"1-8B","1-8B-1",285.88,29.13,9.81393752145554
2019-05-15,"F09M12",2,8,"1-8A","1-8A-1",301.11,28.3066666666667,10.6374234573716
2019-05-15,"F09M12",2,8,"1-8A","1-8A-2",297.36,28.3066666666667,10.5049458313707
2019-05-15,"F09M12",2,8,"1-8A","1-8A-4",302.58,28.3066666666667,10.689354686764
2019-05-15,"F09M12",2,8,"1-8A","1-8A-5",306.35,28.3066666666667,10.8225388601036
2019-05-15,"F09M12",2,8,"1-8B","1-8B-3",306.32,28.3066666666667,10.8214790390956
2019-05-15,"F09M12",2,8,"1-8B","1-8B-5",307.54,28.3066666666667,10.8645784267546
2019-05-15,"F09M12",2,8,"1-8B","1-8B-6",316.14,28.3066666666667,11.1683937823834
2019-05-28,"F09M12",2,8,"1-8A","1-8A-3",274.7,29.2766666666667,9.38289878173745
2019-05-08,"F10M14",2,9,"1-9C","1-9C-1",323.35,29.1666666666667,11.0862857142857
2019-05-08,"F10M14",2,9,"1-9C","1-9C-4",325.03,29.1666666666667,11.1438857142857
2019-05-09,"F06M06",2,9,"1-9A","1-9A-2",341.59,29.01,11.7749052051017
2019-05-09,"F10M14",2,9,"1-9C","1-9C-1",328.5,29.01,11.3236814891417
2019-05-09,"F10M14",2,9,"1-9D","1-9D-3",345.45,29.01,11.9079627714581
2019-05-09,"F06M06",2,9,"1-9B","1-9B-1",324.12,28.9433333333333,11.1984337210641
2019-05-09,"F10M14",2,9,"1-9C","1-9C-4",315.75,28.9433333333333,10.9092479557757
2019-05-15,"F06M06",2,9,"1-9A","1-9A-1",331.63,28.6033333333333,11.5941032513693
2019-05-15,"F06M06",2,9,"1-9A","1-9A-3",337.78,28.6033333333333,11.8091131569747
2019-05-15,"F06M06",2,9,"1-9A","1-9A-4",331.79,28.6033333333333,11.5996970050111
2019-05-15,"F06M06",2,9,"1-9A","1-9A-5",336.21,28.6033333333333,11.7542244493649
2019-05-15,"F06M06",2,9,"1-9A","1-9A-6",329.11,28.6033333333333,11.5060016315115
2019-05-15,"F06M06",2,9,"1-9B","1-9B-2",344.48,28.6033333333333,12.0433515907237
2019-05-15,"F06M06",2,9,"1-9B","1-9B-3",342.92,28.6033333333333,11.9888124927165
2019-05-15,"F06M06",2,9,"1-9B","1-9B-4",321.71,28.6033333333333,11.2472905255798
2019-05-15,"F06M06",2,9,"1-9B","1-9B-5",337.91,28.6033333333333,11.8136580818086
2019-05-15,"F06M06",2,9,"1-9B","1-9B-6",321.74,28.6033333333333,11.2483393543876
2019-05-15,"F10M14",2,9,"1-9C","1-9C-2",311.22,28.6033333333333,10.8805500524414
2019-05-15,"F10M14",2,9,"1-9C","1-9C-3",328.19,28.6033333333333,11.4738375480713
2019-05-15,"F10M14",2,9,"1-9C","1-9C-5",321.33,28.6033333333333,11.2340053606806
2019-05-15,"F10M14",2,9,"1-9D","1-9D-1",281.2,28.6033333333333,9.83102202540496
2019-05-15,"F10M14",2,9,"1-9D","1-9D-2",315.95,28.6033333333333,11.0459153944762
2019-05-15,"F10M14",2,9,"1-9D","1-9D-4",322.72,28.6033333333333,11.2826010954434
2019-05-15,"F10M14",2,9,"1-9D","1-9D-5",309.79,28.6033333333333,10.8305558792682
2019-05-15,"F10M14",2,9,"1-9D","1-9D-6",331.02,28.6033333333333,11.5727770656101
2019-05-15,"F10M14",2,9,"1-9C","1-9C-6",276.32,28.0666666666667,9.84513064133017
2019-05-02,"F11M14",2,10,"1-10A","1-10A-4",328.8,29.0733333333333,11.3093327218528
2019-05-06,"F11M14",2,10,"1-10A","1-10A-1",303.72,28.7766666666667,10.5543843391637
2019-05-08,"F11M14",2,10,"1-10A","1-10A-5",327.86,28.91,11.3407125562089
2019-05-08,"F11M14",2,10,"1-10B","1-10B-3",314.04,28.91,10.8626772742996
2019-05-15,"F11M14",2,10,"1-10A","1-10A-2",329.67,28.57,11.5390269513476
2019-05-15,"F11M14",2,10,"1-10A","1-10A-6",335.4,28.57,11.739586979349
2019-05-15,"F11M14",2,10,"1-10B","1-10B-1",263.15,28.57,9.21071053552678
2019-05-15,"F11M14",2,10,"1-10B","1-10B-2",323.43,28.57,11.3206160308015
2019-05-15,"F11M14",2,10,"1-10B","1-10B-4",335.87,28.57,11.7560378018901
2019-05-15,"F11M14",2,10,"1-10B","1-10B-5",287.39,28.57,10.0591529576479
2019-05-15,"F11M14",2,10,"1-10B","1-10B-6",325.55,28.57,11.394819740987
2019-05-15,"F01M02",2,10,"1-10C","1-10C-1",339.38,28.57,11.8788939446972
2019-05-15,"F01M02",2,10,"1-10C","1-10C-3",310.6,28.57,10.8715435771789
2019-05-15,"F01M02",2,10,"1-10C","1-10C-6",325.45,28.57,11.3913195659783
2019-05-15,"F01M02",2,10,"1-10D","1-10D-1",335.87,28.57,11.7560378018901
2019-05-15,"F01M02",2,10,"1-10D","1-10D-2",320.01,28.57,11.2009100455023
2019-05-15,"F01M02",2,10,"1-10D","1-10D-4",329.3,28.57,11.5260763038152
2019-04-30,"F06M06",2,11,"1-11A","1-11A-5",320.79,29.3066666666667,10.9459736123749
2019-04-30,"F10M14",2,11,"1-11C","1-11C-6",312.87,29.3066666666667,10.6757279344859
2019-05-02,"F06M06",2,11,"1-11B","1-11B-6",313.34,29.05,10.786230636833
2019-05-08,"F10M14",2,11,"1-11C","1-11C-4",318.62,29.2733333333333,10.8843088134821
2019-05-10,"F06M06",2,11,"1-11B","1-11B-2",326.6,29.1266666666667,11.2130922407874
2019-05-10,"F06M06",2,11,"1-11B","1-11B-4",334.16,29.1266666666667,11.4726482032502
2019-05-10,"F10M14",2,11,"1-11C","1-11C-1",328.5,29.1266666666667,11.2783245593957
2019-05-10,"F10M14",2,11,"1-11D","1-11D-1",321.56,29.1266666666667,11.0400549324788
2019-05-15,"F06M06",2,11,"1-11A","1-11A-1",315.05,28.34,11.1167960479887
2019-05-15,"F06M06",2,11,"1-11A","1-11A-3",333.22,28.34,11.757939308398
2019-05-15,"F06M06",2,11,"1-11A","1-11A-4",335.83,28.34,11.8500352858151
2019-05-15,"F06M06",2,11,"1-11A","1-11A-6",330.86,28.34,11.6746647847565
2019-05-15,"F06M06",2,11,"1-11B","1-11B-1",319.92,28.34,11.2886379675371
2019-05-15,"F06M06",2,11,"1-11B","1-11B-5",344.5,28.34,12.1559633027523
2019-05-15,"F10M14",2,11,"1-11C","1-11C-2",328.43,28.34,11.5889202540579
2019-05-15,"F10M14",2,11,"1-11C","1-11C-3",316.01,28.34,11.1506704304869
2019-05-15,"F10M14",2,11,"1-11C","1-11C-5",312.93,28.34,11.0419901199718
2019-05-15,"F10M14",2,11,"1-11D","1-11D-2",314.94,28.34,11.1129146083275
2019-05-15,"F10M14",2,11,"1-11D","1-11D-3",324.86,28.34,11.4629498941426
2019-05-15,"F10M14",2,11,"1-11D","1-11D-4",319.66,28.34,11.2794636556104
2019-05-15,"F10M14",2,11,"1-11D","1-11D-5",280.65,28.34,9.9029640084686
2019-05-15,"F10M14",2,11,"1-11D","1-11D-6",329.26,28.34,11.6182074805928
2019-05-28,"F06M06",2,11,"1-11A","1-11A-2",334.54,28.8166666666667,11.6092539039907
2019-05-28,"F06M06",2,11,"1-11B","1-11B-3",321.01,28.8166666666667,11.1397339502603
2019-04-13,"F11M14",2,12,"1-12A","1-12A-2",270.46,29.39,9.20244981286152
2019-04-30,"F11M14",2,12,"1-12A","1-12A-6",306.76,29.2366666666667,10.4923041842435
2019-05-06,"F11M14",2,12,"1-12B","1-12B-2",327.88,29.2366666666667,11.2146847565842
2019-05-08,"F11M14",2,12,"1-12A","1-12A-3",309.77,29.0033333333333,10.6804964946558
2019-05-08,"F11M14",2,12,"1-12A","1-12A-5",294.79,29.0033333333333,10.1640041374555
2019-05-08,"F11M14",2,12,"1-12B","1-12B-1",315.06,29.0033333333333,10.8628893230663
2019-05-08,"F11M14",2,12,"1-12B","1-12B-6",324.94,29.0033333333333,11.2035398230088
2019-05-08,"F01M02",2,12,"1-12D","1-12D-5",331.28,29.0033333333333,11.4221353867372
2019-05-09,"F01M02",2,12,"1-12D","1-12D-5",330.54,29.0333333333333,11.3848450057405
2019-05-10,"F01M02",2,12,"1-12C","1-12C-4",342.4,28.8466666666667,11.8696556505662
2019-05-15,"F11M14",2,12,"1-12A","1-12A-1",312.35,28.2166666666667,11.0696987595983
2019-05-15,"F11M14",2,12,"1-12A","1-12A-4",318.96,28.2166666666667,11.3039574719433
2019-05-15,"F11M14",2,12,"1-12B","1-12B-3",319.25,28.2166666666667,11.3142350856468
2019-05-15,"F11M14",2,12,"1-12B","1-12B-4",334.09,28.2166666666667,11.8401653868872
2019-05-15,"F11M14",2,12,"1-12B","1-12B-5",333.78,28.2166666666667,11.8291789722386
2019-05-15,"F01M02",2,12,"1-12C","1-12C-2",334.12,28.2166666666667,11.8412285883048
2019-05-15,"F01M02",2,12,"1-12C","1-12C-3",328.35,28.2166666666667,11.6367395156527
2019-05-15,"F01M02",2,12,"1-12C","1-12C-5",331.97,28.2166666666667,11.76503248671
2019-05-15,"F01M02",2,12,"1-12C","1-12C-6",355.18,28.2166666666667,12.5875959834613
2019-04-25,"F06M06",2,13,"1-13A","1-13A-6",320.89,29.01,11.0613581523613
2019-05-08,"F06M06",2,13,"1-13B","1-13B-1",317.93,29.0433333333333,10.9467462412487
2019-05-08,"F06M06",2,13,"1-13B","1-13B-3",327.39,29.0433333333333,11.2724664294732
2019-05-10,"F06M06",2,13,"1-13A","1-13A-1",338.13,29.18,11.5877313228239
2019-05-10,"F06M06",2,13,"1-13B","1-13B-4",325.46,29.18,11.1535298149417
2019-05-10,"F10M14",2,13,"1-13C","1-13C-2",331.85,29.18,11.3725154215216
2019-05-10,"F10M14",2,13,"1-13D","1-13D-3",324.28,29.18,11.1130911583276
2019-05-10,"F10M14",2,13,"1-13D","1-13D-2",247.08,29.3866666666667,8.40789473684211
2019-05-15,"F06M06",2,13,"1-13A","1-13A-3",321.71,28.3433333333333,11.3504645419264
2019-05-15,"F06M06",2,13,"1-13A","1-13A-4",318.95,28.3433333333333,11.2530871457133
2019-05-15,"F06M06",2,13,"1-13A","1-13A-5",333.35,28.3433333333333,11.7611431259555
2019-05-15,"F06M06",2,13,"1-13B","1-13B-5",346.44,28.3433333333333,12.2229801246619
2019-05-15,"F06M06",2,13,"1-13B","1-13B-6",329.48,28.3433333333333,11.6246030812654
2019-05-15,"F10M14",2,13,"1-13C","1-13C-1",299.41,28.3433333333333,10.5636834058568
2019-05-15,"F10M14",2,13,"1-13C","1-13C-4",326.2,28.3433333333333,11.5088792190991
2019-05-15,"F10M14",2,13,"1-13C","1-13C-5",333.34,28.3433333333333,11.7607903093026
2019-05-15,"F10M14",2,13,"1-13C","1-13C-6",342.4,28.3433333333333,12.0804421968717
2019-05-15,"F10M14",2,13,"1-13D","1-13D-1",315.12,28.3433333333333,11.117958367635
2019-05-15,"F10M14",2,13,"1-13D","1-13D-4",332.16,28.3433333333333,11.719157944255
2019-05-15,"F10M14",2,13,"1-13D","1-13D-6",320.12,28.3433333333333,11.294366694108
2019-05-28,"F06M06",2,13,"1-13A","1-13A-2",338.64,28.8033333333333,11.7569725726189
2019-05-28,"F06M06",2,13,"1-13B","1-13B-2",341.35,28.8033333333333,11.8510589052193
2019-05-28,"F10M14",2,13,"1-13C","1-13C-3",335.09,28.8033333333333,11.6337229487328
2019-03-16,"F02M03",4.5,1,"2-1D","2-1D-2",258.44,22.04,11.7259528130672
2019-03-16,"F02M03",4.5,1,"2-1C","2-1C-1",259.73,22.04,11.7844827586207
2019-03-20,"F02M03",4.5,1,"2-1C","2-1C-6",267.22,21.5766666666667,12.384674803028
2019-03-22,"F02M03",4.5,1,"2-1D","2-1D-4",266.7,21.75,12.2620689655172
2019-03-22,"F02M03",4.5,1,"2-1C","2-1C-5",250.98,21.75,11.5393103448276
2019-03-22,"F02M03",4.5,1,"2-1C","2-1C-3",260.73,21.75,11.9875862068966
2019-03-22,"F02M03",4.5,1,"2-1C","2-1C-2",258.51,21.75,11.8855172413793
2019-03-24,"F02M03",4.5,1,"2-1D","2-1D-5",246.91,21.5566666666667,11.4539972166383
2019-03-26,"F02M03",4.5,1,"2-1D","2-1D-1",260.06,21.6033333333333,12.037957105385
2019-03-28,"F02M03",4.5,1,"2-1D","2-1D-6",258,21.4366666666667,12.0354532732079
2019-03-30,"F02M03",4.5,1,"2-1C","2-1C-4",252.74,21.3933333333333,11.8139607354316
2019-04-01,"F02M03",4.5,1,"2-1D","2-1D-3",215.84,21.53,10.0250812819322
2019-03-05,"F09M12",4.5,2,"2-2A","2-2A-5",197.72,21.81,9.06556625401192
2019-03-05,"F09M12",4.5,2,"2-2A","2-2A-6",205.92,21.81,9.44154057771664
2019-03-05,"F09M12",4.5,2,"2-2B","2-2B-3",216.21,21.81,9.91334250343879
2019-03-05,"F09M12",4.5,2,"2-2B","2-2B-5",198.61,21.81,9.10637322329207
2019-03-10,"F09M12",4.5,2,"2-2A","2-2A-3",213.55,21.18,10.0826251180359
2019-03-16,"F09M12",4.5,2,"2-2B","2-2B-2",208.67,21.5466666666667,9.68456064356435
2019-03-20,"F09M12",4.5,2,"2-2A","2-2A-4",210.68,21.4266666666667,9.83260734287492
2019-03-20,"F09M12",4.5,2,"2-2A","2-2A-1",215.85,21.4266666666667,10.073895457374
2019-03-12,"F02M03",4.5,3,"2-3D","2-3D-4",240.49,21.2933333333333,11.2941452723857
2019-03-24,"F02M03",4.5,3,"2-3C","2-3C-4",258.96,21.6933333333333,11.9373079287031
2019-03-24,"F02M03",4.5,3,"2-3D","2-3D-3",263.85,21.6933333333333,12.1627228027044
2019-03-26,"F02M03",4.5,3,"2-3C","2-3C-1",282.95,21.83,12.9615208428768
2019-03-26,"F02M03",4.5,3,"2-3C","2-3C-2",255.14,21.83,11.6875858909757
2019-03-26,"F02M03",4.5,3,"2-3C","2-3C-5",266.39,21.83,12.2029317453046
2019-03-26,"F02M03",4.5,3,"2-3C","2-3C-6",257.34,21.83,11.7883646358223
2019-03-26,"F02M03",4.5,3,"2-3D","2-3D-5",252.04,21.83,11.5455794777829
2019-03-28,"F02M03",4.5,3,"2-3D","2-3D-1",255.57,21.4866666666667,11.8943530871859
2019-03-30,"F02M03",4.5,3,"2-3D","2-3D-2",266.68,21.6166666666667,12.3367771781033
2019-03-05,"F09M12",4.5,4,"2-4A","2-4A-4",148.32,21.58,6.87303058387396
2019-03-14,"F02M03",4.5,5,"2-5C","2-5C-3",250.93,21.4133333333333,11.718399750934
2019-03-14,"F02M03",4.5,5,"2-5C","2-5C-4",249.2,21.4133333333333,11.6376089663761
2019-03-16,"F02M03",4.5,5,"2-5D","2-5D-1",228.12,21.8833333333333,10.424371667936
2019-03-16,"F02M03",4.5,5,"2-5D","2-5D-5",243.01,21.8833333333333,11.1047981721249
2019-03-18,"F02M03",4.5,5,"2-5C","2-5C-2",259.94,21.7333333333333,11.9604294478528
2019-03-18,"F02M03",4.5,5,"2-5D","2-5D-4",253.12,21.7333333333333,11.6466257668712
2019-03-22,"F02M03",4.5,5,"2-5C","2-5C-5",244.5,21.7933333333333,11.2190272254512
2019-03-22,"F02M03",4.5,5,"2-5D","2-5D-3",253.55,21.7933333333333,11.6342918323646
2019-03-22,"F02M03",4.5,5,"2-5D","2-5D-6",244.88,21.7933333333333,11.2364637503824
2019-03-26,"F02M03",4.5,5,"2-5C","2-5C-1",263.77,21.7333333333333,12.1366564417178
2019-03-26,"F02M03",4.5,5,"2-5D","2-5D-2",271.12,21.7333333333333,12.4748466257669
2019-03-28,"F02M03",4.5,5,"2-5C","2-5C-6",262.29,21.7,12.0870967741935
2019-03-05,"F09M12",4.5,6,"2-6B","2-6B-6",202.52,21.6033333333333,9.37447924702978
2019-03-08,"F09M12",4.5,6,"2-6B","2-6B-1",167.32,21.26,7.87017873941674
2019-03-08,"F09M12",4.5,6,"2-6B","2-6B-6",207.74,21.26,9.77140169332079
2019-03-14,"F09M12",4.5,6,"2-6A","2-6A-1",212.88,21.4733333333333,9.91369140018628
2019-03-20,"F02M03",4.5,7,"2-7C","2-7C-2",264.21,21.7333333333333,12.1569018404908
2019-03-20,"F02M03",4.5,7,"2-7C","2-7C-4",252.85,21.7333333333333,11.6342024539877
2019-03-20,"F02M03",4.5,7,"2-7D","2-7D-1",261.91,21.7333333333333,12.0510736196319
2019-03-24,"F02M03",4.5,7,"2-7C","2-7C-5",255.11,21.8433333333333,11.6790782847551
2019-03-24,"F02M03",4.5,7,"2-7D","2-7D-5",253.67,21.8433333333333,11.6131542804822
2019-03-24,"F02M03",4.5,7,"2-7D","2-7D-6",265.58,21.8433333333333,12.1584007324889
2019-03-28,"F02M03",4.5,7,"2-7C","2-7C-3",258.79,21.7066666666667,11.9221437346437
2019-03-30,"F02M03",4.5,7,"2-7D","2-7D-4",220.64,21.58,10.224281742354
2019-04-01,"F02M03",4.5,7,"2-7C","2-7C-6",260.06,21.6166666666667,12.030531996916
2019-04-01,"F02M03",4.5,7,"2-7D","2-7D-2",256.43,21.6166666666667,11.8626060138782
2019-03-08,"F09M12",4.5,8,"2-8A","2-8A-2",225.11,21.3933333333333,10.5224368962294
2019-03-08,"F09M12",4.5,8,"2-8A","2-8A-3",216.49,21.3933333333333,10.1195076347772
2019-03-08,"F09M12",4.5,8,"2-8A","2-8A-6",226.2,21.3933333333333,10.5733873480835
2019-03-08,"F09M12",4.5,8,"2-8B","2-8B-1",235.78,21.3933333333333,11.0211904019944
2019-03-08,"F09M12",4.5,8,"2-8B","2-8B-6",223.54,21.3933333333333,10.4490495481458
2019-03-10,"F09M12",4.5,8,"2-8B","2-8B-4",189.91,21.2366666666667,8.94255218960917
2019-03-12,"F09M12",4.5,8,"2-8A","2-8A-1",199.32,21.2533333333333,9.37829360100376
2019-03-24,"F09M12",4.5,8,"2-8A","2-8A-4",227.71,21.8833333333333,10.4056359482102
2019-03-24,"F09M12",4.5,8,"2-8B","2-8B-5",221.32,21.8833333333333,10.1136329017517
2019-03-18,"F10M14",4.5,9,"2-9D","2-9D-3",232.2,21.6533333333333,10.7235221674877
2019-03-20,"F06M06",4.5,9,"2-9A","2-9A-2",237.62,21.5466666666667,11.0281559405941
2019-03-20,"F06M06",4.5,9,"2-9A","2-9A-5",209.64,21.5466666666667,9.72957920792079
2019-03-20,"F06M06",4.5,9,"2-9B","2-9B-5",245.62,21.5466666666667,11.3994430693069
2019-03-22,"F10M14",4.5,9,"2-9D","2-9D-4",205.71,21.7866666666667,9.44201346389229
2019-03-24,"F06M06",4.5,9,"2-9A","2-9A-4",240.66,21.6433333333333,11.1193593100262
2019-03-24,"F06M06",4.5,9,"2-9B","2-9B-2",238.39,21.6433333333333,11.0144771292161
2019-03-24,"F06M06",4.5,9,"2-9B","2-9B-6",242.9,21.6433333333333,11.2228553827199
2019-03-24,"F10M14",4.5,9,"2-9C","2-9C-5",239.02,21.6433333333333,11.0435853996612
2019-03-24,"F10M14",4.5,9,"2-9D","2-9D-2",228.51,21.6433333333333,10.5579855228708
2019-03-26,"F10M14",4.5,9,"2-9C","2-9C-2",214.14,21.6833333333333,9.87578785549577
2019-03-26,"F10M14",4.5,9,"2-9D","2-9D-1",241.6,21.6833333333333,11.1421983089931
2019-03-28,"F10M14",4.5,9,"2-9C","2-9C-6",233.55,21.6966666666667,10.7643263174067
2019-03-30,"F10M14",4.5,9,"2-9C","2-9C-4",206.86,21.8,9.48899082568807
2019-03-30,"F06M06",4.5,9,"2-9B","2-9B-1",237.74,21.8,10.905504587156
2019-04-01,"F06M06",4.5,9,"2-9A","2-9A-1",242.43,21.6866666666667,11.1787580694743
2019-04-01,"F06M06",4.5,9,"2-9A","2-9A-6",239.53,21.6866666666667,11.0450353519828
2019-04-01,"F06M06",4.5,9,"2-9B","2-9B-3",244.07,21.6866666666667,11.2543805717799
2019-04-01,"F06M06",4.5,9,"2-9B","2-9B-4",244.35,21.6866666666667,11.2672917307101
2019-04-01,"F10M14",4.5,9,"2-9C","2-9C-1",230.54,21.6866666666667,10.630494927759
2019-04-03,"F06M06",4.5,9,"2-9A","2-9A-3",324.36,28.6766666666667,11.3109380448681
2019-03-05,"F11M14",4.5,10,"2-10A","2-10A-4",191.77,21.5666666666667,8.8919629057187
2019-03-05,"F11M14",4.5,10,"2-10B","2-10B-2",224.72,21.5666666666667,10.4197836166924
2019-03-05,"F01M02",4.5,10,"2-10D","2-10D-1",247.28,21.5666666666667,11.4658423493045
2019-03-08,"F11M14",4.5,10,"2-10A","2-10A-4",211.48,21.56,9.80890538033395
2019-03-08,"F11M14",4.5,10,"2-10B","2-10B-2",238.32,21.56,11.0538033395176
2019-03-08,"F01M02",4.5,10,"2-10D","2-10D-1",250.47,21.56,11.6173469387755
2019-03-10,"F11M14",4.5,10,"2-10A","2-10A-6",221.8,21.2,10.4622641509434
2019-03-18,"F11M14",4.5,10,"2-10A","2-10A-1",236.98,21.64,10.9510166358595
2019-03-18,"F11M14",4.5,10,"2-10B","2-10B-3",236.88,21.64,10.9463955637708
2019-03-18,"F11M14",4.5,10,"2-10B","2-10B-5",227.24,21.64,10.5009242144177
2019-03-22,"F11M14",4.5,10,"2-10A","2-10A-3",225.98,21.5333333333333,10.494427244582
2019-03-22,"F11M14",4.5,10,"2-10B","2-10B-1",236.03,21.5333333333333,10.9611455108359
2019-03-22,"F11M14",4.5,10,"2-10B","2-10B-4",250.99,21.5333333333333,11.6558823529412
2019-03-22,"F11M14",4.5,10,"2-10B","2-10B-6",226.57,21.5333333333333,10.521826625387
2019-03-26,"F11M14",4.5,10,"2-10A","2-10A-5",238.48,21.55,11.0663573085847
2019-04-01,"F11M14",4.5,10,"2-10A","2-10A-2",243.69,21.2766666666667,11.4533918220273
2019-03-18,"F06M06",4.5,11,"2-11B","2-11B-2",239.97,21.7366666666667,11.039871185401
2019-03-18,"F10M14",4.5,11,"2-11D","2-11D-2",238.44,21.7366666666667,10.9694832080969
2019-03-20,"F06M06",4.5,11,"2-11B","2-11B-5",237.69,21.8666666666667,10.8699695121951
2019-03-20,"F10M14",4.5,11,"2-11D","2-11D-5",238.24,21.8666666666667,10.8951219512195
2019-03-24,"F06M06",4.5,11,"2-11A","2-11A-1",242.2,21.5633333333333,11.2320296800124
2019-03-24,"F06M06",4.5,11,"2-11A","2-11A-6",240.26,21.5633333333333,11.1420621425259
2019-03-24,"F10M14",4.5,11,"2-11C","2-11C-1",232.55,21.5633333333333,10.7845107435461
2019-03-24,"F10M14",4.5,11,"2-11C","2-11C-2",217.25,21.5633333333333,10.0749729479054
2019-03-24,"F10M14",4.5,11,"2-11C","2-11C-3",237.64,21.5633333333333,11.0205595918998
2019-03-24,"F10M14",4.5,11,"2-11C","2-11C-4",242.11,21.5633333333333,11.2278559282733
2019-03-24,"F10M14",4.5,11,"2-11C","2-11C-6",226.24,21.5633333333333,10.4918843716185
2019-03-24,"F10M14",4.5,11,"2-11D","2-11D-3",237.07,21.5633333333333,10.9941258308858
2019-03-24,"F10M14",4.5,11,"2-11D","2-11D-4",233.62,21.5633333333333,10.8341320142217
2019-03-24,"F10M14",4.5,11,"2-11D","2-11D-6",236.4,21.5633333333333,10.9630545679394
2019-03-26,"F06M06",4.5,11,"2-11A","2-11A-2",236.52,21.63,10.9348127600555
2019-03-26,"F06M06",4.5,11,"2-11B","2-11B-4",256.19,21.63,11.8441978733241
2019-03-28,"F06M06",4.5,11,"2-11A","2-11A-5",236.63,21.58,10.9652455977757
2019-03-08,"F11M14",4.5,12,"2-12A","2-12A-1",219.3,21.64,10.134011090573
2019-03-10,"F01M02",4.5,12,"2-12C","2-12C-2",221.14,21.2033333333333,10.4294922182047
2019-03-12,"F11M14",4.5,12,"2-12B","2-12B-5",222.72,21.4233333333333,10.3961412789793
2019-03-16,"F11M14",4.5,12,"2-12B","2-12B-2",227.14,21.5366666666667,10.5466646030026
2019-03-16,"F11M14",4.5,12,"2-12B","2-12B-6",230.18,21.5366666666667,10.6878192230305
2019-03-16,"F11M14",4.5,12,"2-12A","2-12A-2",189.25,21.8,8.68119266055046
2019-03-18,"F11M14",4.5,12,"2-12B","2-12B-4",240.36,21.4833333333333,11.1882079131109
2019-03-18,"F11M14",4.5,12,"2-12B","2-12B-6",245.86,21.4833333333333,11.444220325834
2019-03-22,"F11M14",4.5,12,"2-12B","2-12B-1",217.81,21.8933333333333,9.94869062119367
2019-03-22,"F11M14",4.5,12,"2-12B","2-12B-3",245.89,21.8933333333333,11.2312728380024
2019-03-22,"F11M14",4.5,12,"2-12A","2-12A-6",236.33,21.8933333333333,10.7946102314251
2019-03-22,"F01M02",4.5,12,"2-12D","2-12D-2",228.58,21.8933333333333,10.4406211936663
2019-03-26,"F11M14",4.5,12,"2-12A","2-12A-3",250.2,22.0533333333333,11.3452237001209
2019-03-26,"F11M14",4.5,12,"2-12A","2-12A-4",231.29,22.0533333333333,10.4877569528416
2019-03-28,"F11M14",4.5,12,"2-12A","2-12A-5",252.04,21.9233333333333,11.4964269423749
2019-03-08,"F06M06",4.5,13,"2-13B","2-13B-3",221.88,20.9966666666667,10.5673916494682
2019-03-10,"F06M06",4.5,13,"2-13B","2-13B-5",233.39,21.08,11.0716318785579
2019-03-16,"F06M06",4.5,13,"2-13A","2-13A-3",231.79,21.7666666666667,10.6488514548239
2019-03-16,"F10M14",4.5,13,"2-13C","2-13C-3",198.51,21.7666666666667,9.11990811638591
2019-03-16,"F10M14",4.5,13,"2-13C","2-13C-5",232.86,21.7666666666667,10.6980091883614
2019-03-16,"F10M14",4.5,13,"2-13D","2-13D-3",235.66,21.7666666666667,10.8266462480858
2019-03-16,"F10M14",4.5,13,"2-13D","2-13D-5",219.63,21.7666666666667,10.0901990811639
2019-03-16,"F10M14",4.5,13,"2-13D","2-13D-6",206.33,21.7666666666667,9.4791730474732
2019-03-18,"F06M06",4.5,13,"2-13A","2-13A-2",222.46,21.6066666666667,10.2958963282937
2019-03-18,"F06M06",4.5,13,"2-13A","2-13A-4",244.82,21.6066666666667,11.3307621104597
2019-03-18,"F10M14",4.5,13,"2-13C","2-13C-6",236.72,21.6066666666667,10.955877815489
2019-03-18,"F10M14",4.5,13,"2-13D","2-13D-2",229.85,21.6066666666667,10.6379203949398
2019-03-20,"F06M06",4.5,13,"2-13A","2-13A-6",235.93,21.51,10.9683867968387
2019-03-24,"F06M06",4.5,13,"2-13B","2-13B-6",236.63,21.7166666666667,10.896239447429
2019-03-24,"F10M14",4.5,13,"2-13C","2-13C-1",212.38,21.7166666666667,9.77958557175748
2019-03-24,"F10M14",4.5,13,"2-13C","2-13C-2",228.06,21.7166666666667,10.5016116653876
2019-03-28,"F06M06",4.5,13,"2-13A","2-13A-1",241.65,21.5866666666667,11.1944101297097
2019-03-28,"F06M06",4.5,13,"2-13A","2-13A-5",238.04,21.5866666666667,11.0271772699197
2019-03-28,"F06M06",4.5,13,"2-13B","2-13B-1",244.28,21.5866666666667,11.3162445954293
2019-03-05,"F11M14",4.5,14,"2-14B","2-14B-3",224.78,21.4766666666667,10.4662424336489
2019-03-05,"F01M02",4.5,14,"2-14D","2-14D-2",241.44,21.4766666666667,11.2419680273165
2019-03-05,"F01M02",4.5,14,"2-14D","2-14D-4",231.85,21.4766666666667,10.7954369082725
2019-03-08,"F11M14",4.5,14,"2-14A","2-14A-1",220.84,21.2633333333333,10.3859539112714
2019-03-08,"F11M14",4.5,14,"2-14B","2-14B-3",228.66,21.2633333333333,10.7537231540994
2019-03-08,"F11M14",4.5,14,"2-14B","2-14B-4",225.32,21.2633333333333,10.596645242201
2019-03-08,"F01M02",4.5,14,"2-14C","2-14C-4",231.9,21.2633333333333,10.9060981345038
2019-03-10,"F11M14",4.5,14,"2-14B","2-14B-1",227.63,21.16,10.757561436673
2019-03-14,"F11M14",4.5,14,"2-14A","2-14A-6",219.19,21.4866666666667,10.2012100527459
2019-03-16,"F11M14",4.5,14,"2-14A","2-14A-2",213.86,21.6833333333333,9.86287471176018
2019-03-22,"F11M14",4.5,14,"2-14A","2-14A-4",236.59,21.8033333333333,10.8510931050298
2019-03-22,"F11M14",4.5,14,"2-14B","2-14B-6",238.63,21.8033333333333,10.9446567803088
2019-03-26,"F11M14",4.5,14,"2-14A","2-14A-3",239.83,21.6333333333333,11.0861325115562
2019-03-26,"F11M14",4.5,14,"2-14B","2-14B-2",251.66,21.6333333333333,11.6329738058552
2019-03-26,"F11M14",4.5,14,"2-14B","2-14B-5",251.23,21.6333333333333,11.6130970724191
2019-03-28,"F11M14",4.5,14,"2-14A","2-14A-5",243.99,21.7966666666667,11.1939134424224
2019-03-18,"F06M06",4.5,15,"2-15B","2-15B-2",254.11,22.1133333333333,11.4912571600844
2019-03-20,"F06M06",4.5,15,"2-15B","2-15B-3",237.38,21.7433333333333,10.9173693086003
2019-03-20,"F06M06",4.5,15,"2-15B","2-15B-5",243.97,21.7433333333333,11.2204507128622
2019-03-24,"F06M06",4.5,15,"2-15A","2-15A-6",243.24,21.5066666666667,11.3099814011159
2019-03-24,"F10M14",4.5,15,"2-15C","2-15C-4",235.25,21.5066666666667,10.9384686918785
2019-03-24,"F10M14",4.5,15,"2-15C","2-15C-5",238.64,21.5066666666667,11.0960942343459
2019-03-24,"F10M14",4.5,15,"2-15C","2-15C-6",230.72,21.5066666666667,10.7278363298202
2019-03-26,"F06M06",4.5,15,"2-15A","2-15A-4",232.96,21.77,10.7009646302251
2019-03-26,"F06M06",4.5,15,"2-15B","2-15B-4",231.14,21.77,10.6173633440514
2019-03-26,"F10M14",4.5,15,"2-15C","2-15C-1",221.92,21.77,10.1938447404685
2019-03-26,"F10M14",4.5,15,"2-15C","2-15C-2",238.13,21.77,10.9384474046853
2019-03-26,"F10M14",4.5,15,"2-15D","2-15D-3",214.74,21.77,9.86403307303629
2019-03-26,"F10M14",4.5,15,"2-15D","2-15D-4",206.13,21.4466666666667,9.61128380478707
2019-03-26,"F10M14",4.5,15,"2-15D","2-15D-6",243.39,21.6933333333333,11.2195759065765
2019-03-26,"F06M06",4.5,15,"2-15B","2-15B-1",229.36,21.6933333333333,10.5728334357714
2019-03-28,"F06M06",4.5,15,"2-15A","2-15A-2",257.42,21.7733333333333,11.822718922229
2019-03-28,"F10M14",4.5,15,"2-15C","2-15C-3",232.23,21.7733333333333,10.6657991426822
2019-03-28,"F10M14",4.5,15,"2-15D","2-15D-1",221.83,21.7733333333333,10.1881506429884
2019-04-01,"F06M06",4.5,15,"2-15A","2-15A-3",251.03,21.6633333333333,11.5877827358055
2019-04-01,"F06M06",4.5,15,"2-15B","2-15B-6",224.96,21.6633333333333,10.3843668256655
2019-03-14,"F11M14",4.5,16,"2-16B","2-16B-5",219.03,21.5333333333333,10.1716718266254
2019-03-18,"F11M14",4.5,16,"2-16A","2-16A-3",240.22,21.85,10.9940503432494
2019-03-18,"F11M14",4.5,16,"2-16A","2-16A-5",233.9,21.85,10.7048054919908
2019-03-20,"F11M14",4.5,16,"2-16A","2-16A-6",231.74,21.4566666666667,10.8003728444928
2019-03-20,"F01M02",4.5,16,"2-16D","2-16D-1",233.76,21.4566666666667,10.8945160789188
2019-03-22,"F11M14",4.5,16,"2-16B","2-16B-2",231.67,21.97,10.5448338643605
2019-03-22,"F01M02",4.5,16,"2-16D","2-16D-2",236.76,21.97,10.776513427401
2019-03-24,"F11M14",4.5,16,"2-16A","2-16A-2",232.17,21.6366666666667,10.7303959328301
2019-03-24,"F11M14",4.5,16,"2-16B","2-16B-3",231.16,21.6366666666667,10.6837159143429
2019-03-26,"F11M14",4.5,16,"2-16A","2-16A-1",244.25,21.9466666666667,11.1292527339004
2019-03-26,"F11M14",4.5,16,"2-16B","2-16B-1",257.07,21.9466666666667,11.7133961117861
2019-03-26,"F11M14",4.5,16,"2-16B","2-16B-6",251.75,21.9466666666667,11.4709902794654
2019-03-28,"F11M14",4.5,16,"2-16B","2-16B-4",253.24,21.7633333333333,11.6360851585235
2019-03-20,"F02M02",4.5,17,"2-17C","2-17C-5",225.31,21.5066666666667,10.4762864228146
2019-03-20,"F02M02",4.5,17,"2-17D","2-17D-4",237.21,21.5066666666667,11.0296032238066
2019-03-22,"F02M02",4.5,17,"2-17C","2-17C-4",239.16,21.8233333333333,10.958912478998
2019-03-24,"F10M16",4.5,17,"2-17A","2-17A-3",244.47,21.6866666666667,11.2728250845374
2019-03-24,"F10M16",4.5,17,"2-17A","2-17A-4",236.75,21.6866666666667,10.9168459883185
2019-03-24,"F02M02",4.5,17,"2-17D","2-17D-2",242.89,21.6866666666667,11.1999692591454
2019-03-26,"F10M16",4.5,17,"2-17A","2-17A-1",237.94,21.9866666666667,10.822013341419
2019-03-26,"F10M16",4.5,17,"2-17B","2-17B-4",242.9,21.9866666666667,11.0476046088539
2019-03-26,"F10M16",4.5,17,"2-17B","2-17B-6",221.68,21.9866666666667,10.0824742268041
2019-03-26,"F02M02",4.5,17,"2-17D","2-17D-1",236.98,21.9866666666667,10.7783505154639
2019-03-26,"F02M02",4.5,17,"2-17D","2-17D-5",250.04,21.9866666666667,11.3723468768951
2019-03-26,"F10M16",4.5,17,"2-17A","2-17A-6",203.48,21.9866666666667,9.25469981807156
2019-03-28,"F10M16",4.5,17,"2-17A","2-17A-2",229.78,21.5133333333333,10.680818097304
2019-03-30,"F10M16",4.5,17,"2-17B","2-17B-1",246.75,21.55,11.4501160092807
2019-03-30,"F02M02",4.5,17,"2-17C","2-17C-1",252.9,21.55,11.7354988399072
2019-04-01,"F10M16",4.5,17,"2-17A","2-17A-5",243,21.6733333333333,11.2119347892956
2019-04-01,"F10M16",4.5,17,"2-17B","2-17B-3",242.18,21.6733333333333,11.1741002768379
2019-04-03,"F10M16",4.5,17,"2-17B","2-17B-2",284.8,29.0366666666667,9.80828837102514
2019-04-03,"F10M16",4.5,17,"2-17B","2-17B-5",320.7,29.0366666666667,11.0446561818391
2019-03-10,"F03M02",4.5,18,"2-18B","2-18B-3",219.82,21.3333333333333,10.3040625
2019-03-22,"F01M01",4.5,18,"2-18C","2-18C-6",236.03,21.59,10.9323761000463
2019-03-22,"F01M01",4.5,18,"2-18D","2-18D-3",242.2,21.59,11.2181565539602
2019-03-24,"F03M02",4.5,18,"2-18B","2-18B-4",224.16,21.7,10.3299539170507
2019-04-13,"F01M01",4.5,18,"2-18D","2-18D-4",332.25,29.1133333333333,11.4122967712388
2019-03-12,"F10M16",4.5,19,"2-19B","2-19B-1",218.24,21.48,10.1601489757914
2019-03-14,"F10M16",4.5,19,"2-19A","2-19A-2",225.3,21.3433333333333,10.5559893799781
2019-03-20,"F02M02",4.5,19,"2-19C","2-19C-6",233.9,21.7733333333333,10.7424984690753
2019-03-20,"F02M02",4.5,19,"2-19D","2-19D-4",237.45,21.7733333333333,10.9055419473362
2019-03-22,"F10M16",4.5,19,"2-19B","2-19B-3",234.27,21.76,10.7660845588235
2019-03-22,"F02M02",4.5,19,"2-19C","2-19C-2",249.85,21.76,11.4820772058824
2019-03-22,"F02M02",4.5,19,"2-19C","2-19C-5",244.14,21.76,11.2196691176471
2019-03-22,"F02M02",4.5,19,"2-19D","2-19D-3",228.1,21.76,10.4825367647059
2019-03-24,"F10M16",4.5,19,"2-19A","2-19A-3",247.32,21.77,11.3605879650896
2019-03-24,"F10M16",4.5,19,"2-19B","2-19B-5",235.49,21.77,10.817179604961
2019-03-24,"F02M02",4.5,19,"2-19D","2-19D-1",245.27,21.77,11.2664216812127
2019-03-24,"F02M02",4.5,19,"2-19D","2-19D-2",250.08,21.77,11.4873679375287
2019-03-24,"F02M02",4.5,19,"2-19D","2-19D-5",255.48,21.77,11.7354157096922
2019-03-24,"F02M02",4.5,19,"2-19D","2-19D-6",241.17,21.77,11.0780891134589
2019-03-26,"F02M02",4.5,19,"2-19C","2-19C-4",242.06,21.96,11.0227686703097
2019-03-28,"F10M16",4.5,19,"2-19B","2-19B-2",234.38,21.6833333333333,10.8092236740968
2019-03-28,"F10M16",4.5,19,"2-19B","2-19B-4",222.46,21.6833333333333,10.2594926979247
2019-03-28,"F02M02",4.5,19,"2-19C","2-19C-1",205.06,21.6833333333333,9.45703305149885
2019-03-05,"F03M02",4.5,20,"2-20B","2-20B-4",196.84,21.6166666666667,9.1059367771781
2019-03-20,"F03M02",4.5,20,"2-20B","2-20B-6",213.97,21.8833333333333,9.77776085300838
2019-03-20,"F01M01",4.5,20,"2-20D","2-20D-3",234.68,21.8833333333333,10.7241431835491
2019-03-20,"F01M01",4.5,20,"2-20C","2-20C-6",207.44,21.8833333333333,9.47936024371668
2019-03-28,"F01M01",4.5,20,"2-20C","2-20C-2",241.42,21.85,11.0489702517162
2019-04-01,"F01M01",4.5,20,"2-20D","2-20D-2",236.67,21.5933333333333,10.9603272615005
2019-04-07,"F01M01",4.5,20,"2-20D","2-20D-5",313.97,29.16,10.767146776406
2019-03-18,"F02M02",4.5,21,"2-21C","2-21C-3",234.35,21.85,10.7254004576659
2019-03-24,"F02M02",4.5,21,"2-21C","2-21C-1",243,21.6033333333333,11.2482641567659
2019-03-24,"F02M02",4.5,21,"2-21C","2-21C-2",237.66,21.6033333333333,11.0010800802345
2019-03-24,"F02M02",4.5,21,"2-21C","2-21C-4",240.18,21.6033333333333,11.117728745564
2019-03-24,"F02M02",4.5,21,"2-21C","2-21C-5",222,21.6033333333333,10.2761919456874
2019-03-26,"F10M16",4.5,21,"2-21A","2-21A-6",238.77,21.7,11.0032258064516
2019-03-28,"F10M16",4.5,21,"2-21A","2-21A-2",211.26,21.6366666666667,9.7639808966261
2019-03-28,"F10M16",4.5,21,"2-21A","2-21A-3",254.44,21.6366666666667,11.7596672315514
2019-03-28,"F10M16",4.5,21,"2-21B","2-21B-5",265.76,21.6366666666667,12.282853181328
2019-03-28,"F02M02",4.5,21,"2-21D","2-21D-1",247.46,21.6366666666667,11.4370667077492
2019-04-01,"F10M16",4.5,21,"2-21B","2-21B-2",236.14,21.6266666666667,10.9189272503083
2019-04-01,"F10M16",4.5,21,"2-21B","2-21B-4",227.99,21.6266666666667,10.5420776818742
2019-04-03,"F10M16",4.5,21,"2-21A","2-21A-4",329.34,28.8733333333333,11.4063726622027
2019-03-12,"F03M02",4.5,22,"2-22A","2-22A-4",159.97,21.3866666666667,7.47989401496259
2019-03-24,"F01M01",4.5,22,"2-22C","2-22C-5",212.5,21.64,9.81977818853974
2019-03-24,"F01M01",4.5,22,"2-22D","2-22D-3",216.2,21.64,9.99075785582255
2019-03-08,"F02M02",4.5,23,"2-23D","2-23D-2",248.98,21.84,11.4001831501831
2019-03-20,"F02M02",4.5,23,"2-23C","2-23C-5",243.31,21.88,11.1202010968921
2019-03-20,"F02M02",4.5,23,"2-23C","2-23C-6",251.6,21.88,11.4990859232176
2019-03-24,"F10M16",4.5,23,"2-23B","2-23B-3",226.48,21.71,10.4320589590051
2019-03-24,"F02M02",4.5,23,"2-23C","2-23C-2",244.4,21.71,11.2574850299401
2019-03-26,"F10M16",4.5,23,"2-23A","2-23A-6",254.21,21.59,11.7744326076887
2019-03-26,"F10M16",4.5,23,"2-23B","2-23B-2",220.57,21.59,10.2163038443724
2019-03-28,"F10M16",4.5,23,"2-23A","2-23A-2",241.66,21.74,11.1159153633855
2019-03-28,"F02M02",4.5,23,"2-23C","2-23C-3",256.28,21.74,11.7884084636615
2019-03-28,"F10M16",4.5,23,"2-23B","2-23B-1",229.06,21.84,10.4880952380952
2019-03-30,"F10M16",4.5,23,"2-23A","2-23A-4",246.37,21.5133333333333,11.4519677719244
2019-03-30,"F10M16",4.5,23,"2-23B","2-23B-5",230.87,21.5133333333333,10.7314843507902
2019-03-30,"F02M02",4.5,23,"2-23C","2-23C-1",246.91,21.5133333333333,11.4770684846607
2019-04-03,"F10M16",4.5,23,"2-23B","2-23B-4",325.19,29.19,11.1404590613224
2019-04-13,"F10M16",4.5,23,"2-23A","2-23A-1",316.12,29.5433333333333,10.7002143743653
2019-03-05,"F03M02",4.5,24,"2-24A","2-24A-3",184.82,21.6566666666667,8.53409265814991
2019-03-05,"F03M02",4.5,24,"2-24B","2-24B-5",190.47,21.6566666666667,8.79498229952286
2019-03-05,"F01M01",4.5,24,"2-24C","2-24C-1",229.4,21.6566666666667,10.5925811913191
2019-03-10,"F01M01",4.5,24,"2-24D","2-24D-6",208.47,21.0333333333333,9.91141045958796
2019-04-15,"F01M01",4.5,24,"2-24D","2-24D-4",325.34,29.4,11.0659863945578
2019-03-05,"F01M04",4.5,25,"2-25D","2-25D-3",224.02,21.9,10.2292237442922
2019-03-05,"F07M12",4.5,25,"2-25B","2-25B-4",236.35,21.9,10.7922374429224
2019-03-05,"F07M12",4.5,25,"2-25A","2-25A-6",236.89,21.9,10.8168949771689
2019-03-05,"F07M12",4.5,25,"2-25A","2-25A-4",233.69,21.9,10.6707762557078
2019-03-05,"F07M12",4.5,25,"2-25A","2-25A-2",229.16,21.9,10.4639269406393
2019-03-05,"F07M12",4.5,25,"2-25B","2-25B-2",218.56,21.8633333333333,9.99664583015704
2019-03-05,"F07M12",4.5,25,"2-25B","2-25B-6",236.26,21.8633333333333,10.806220460436
2019-03-08,"F07M12",4.5,25,"2-25A","2-25A-2",243.08,21.38,11.3695042095416
2019-03-08,"F07M12",4.5,25,"2-25B","2-25B-1",230.4,21.38,10.7764265668849
2019-03-08,"F07M12",4.5,25,"2-25B","2-25B-2",230.41,21.38,10.7768942937325
2019-03-08,"F07M12",4.5,25,"2-25B","2-25B-3",227.01,21.38,10.6178671655753
2019-03-08,"F07M12",4.5,25,"2-25B","2-25B-4",242.95,21.38,11.3634237605239
2019-03-08,"F07M12",4.5,25,"2-25A","2-25A-6",235.58,21.38,11.0187090739008
2019-03-08,"F07M12",4.5,25,"2-25B","2-25B-6",240.94,21.38,11.2694106641721
2019-03-08,"F01M04",4.5,25,"2-25C","2-25C-4",228.94,21.38,10.7081384471469
2019-03-08,"F01M04",4.5,25,"2-25C","2-25C-6",224.36,21.38,10.4939195509822
2019-03-08,"F01M04",4.5,25,"2-25D","2-25D-1",221.82,21.38,10.3751169317119
2019-03-08,"F01M04",4.5,25,"2-25D","2-25D-3",241.2,21.38,11.2815715622077
2019-03-08,"F07M12",4.5,25,"2-25B","2-25B-4",242.87,21.6866666666667,11.1990470335075
2019-03-10,"F01M04",4.5,25,"2-25C","2-25C-2",214.19,21.2733333333333,10.0684738326543
2019-03-12,"F01M04",4.5,25,"2-25C","2-25C-5",248.2,21.3366666666667,11.6325574129042
2019-03-18,"F01M04",4.5,25,"2-25D","2-25D-2",236.13,21.5233333333333,10.9708843115998
2019-03-18,"F01M04",4.5,25,"2-25D","2-25D-6",224.97,21.5233333333333,10.4523772649837
2019-04-01,"F07M12",4.5,25,"2-25B","2-25B-5",246.46,21.7233333333333,11.3454043271444
2019-04-13,"F07M12",4.5,25,"2-25A","2-25A-1",323.96,29.16,11.1097393689986
2019-03-18,"F09M11",4.5,26,"2-26A","2-26A-2",227.01,21.5233333333333,10.5471581229673
2019-03-18,"F09M11",4.5,26,"2-26A","2-26A-4",190.49,21.5233333333333,8.8503949202416
2019-03-18,"F09M11",4.5,26,"2-26B","2-26B-2",228.99,21.5233333333333,10.6391513086573
2019-03-18,"F12M14",4.5,26,"2-26C","2-26C-6",239.11,21.5233333333333,11.1093387021837
2019-03-20,"F09M11",4.5,26,"2-26A","2-26A-3",222.28,21.7966666666667,10.1978895855635
2019-03-22,"F09M11",4.5,26,"2-26A","2-26A-6",220.28,21.6266666666667,10.1855733662145
2019-03-24,"F12M14",4.5,26,"2-26C","2-26C-2",221.52,21.4766666666667,10.3144497904703
2019-03-24,"F09M11",4.5,26,"2-26A","2-26A-5",186.56,21.6733333333333,8.60781298062135
2019-03-26,"F12M14",4.5,26,"2-26D","2-26D-2",247.16,21.58,11.4531974050046
2019-03-26,"F12M14",4.5,26,"2-26D","2-26D-4",246.88,21.58,11.4402224281742
2019-03-28,"F09M11",4.5,26,"2-26B","2-26B-5",221.31,21.6566666666667,10.2190241649992
2019-03-28,"F12M14",4.5,26,"2-26D","2-26D-6",239.48,21.6566666666667,11.0580267815915
2019-03-30,"F09M11",4.5,26,"2-26B","2-26B-1",221.03,21.64,10.2139556377079
2019-03-30,"F12M14",4.5,26,"2-26D","2-26D-3",259.05,21.64,11.970887245841
2019-04-01,"F09M11",4.5,26,"2-26B","2-26B-4",190.95,21.7533333333333,8.77796506282562
2019-04-01,"F12M14",4.5,26,"2-26C","2-26C-1",245.75,21.7533333333333,11.2971192154459
2019-04-01,"F12M14",4.5,26,"2-26C","2-26C-3",253.32,21.7533333333333,11.6451118602513
2019-04-01,"F12M14",4.5,26,"2-26C","2-26C-5",253.71,21.7533333333333,11.6630401471039
2019-04-01,"F12M14",4.5,26,"2-26D","2-26D-5",245.49,21.7533333333333,11.2851670242108
2019-03-08,"F01M04",4.5,27,"2-27C","2-27C-3",206.3,21.25,9.70823529411765
2019-03-14,"F07M12",4.5,27,"2-27A","2-27A-6",232.06,21.51,10.788470478847
2019-03-14,"F01M04",4.5,27,"2-27C","2-27C-3",223.02,21.51,10.3682008368201
2019-03-20,"F07M12",4.5,27,"2-27B","2-27B-3",254.45,21.8566666666667,11.6417569010218
2019-03-20,"F01M04",4.5,27,"2-27C","2-27C-4",253.81,21.8566666666667,11.612475217325
2019-03-22,"F01M04",4.5,27,"2-27D","2-27D-2",246.18,21.7766666666667,11.3047604469616
2019-03-26,"F07M12",4.5,27,"2-27A","2-27A-4",248.16,21.8966666666667,11.333231846552
2019-03-26,"F07M12",4.5,27,"2-27B","2-27B-5",253.68,21.8966666666667,11.5853250114173
2019-03-28,"F07M12",4.5,27,"2-27A","2-27A-2",233.33,21.7333333333333,10.7360429447853
2019-03-28,"F07M12",4.5,27,"2-27A","2-27A-3",248.84,21.7333333333333,11.4496932515337
2019-03-28,"F07M12",4.5,27,"2-27A","2-27A-5",248.49,21.7333333333333,11.4335889570552
2019-03-28,"F07M12",4.5,27,"2-27B","2-27B-6",241.94,21.7333333333333,11.1322085889571
2019-03-30,"F07M12",4.5,27,"2-27B","2-27B-2",235.14,21.4566666666667,10.9588317539226
2019-04-01,"F07M12",4.5,27,"2-27B","2-27B-1",242.26,21.55,11.2417633410673
2019-04-01,"F07M12",4.5,27,"2-27B","2-27B-4",249.64,21.55,11.584222737819
2019-04-01,"F07M12",4.5,27,"2-27B","2-27B-1",243.53,21.68,11.2329335793358
2019-03-26,"F09M11",4.5,28,"2-28A","2-28A-2",222.88,21.94,10.158614402917
2019-03-26,"F09M11",4.5,28,"2-28B","2-28B-6",221.76,21.94,10.1075660893345
2019-03-26,"F12M14",4.5,28,"2-28C","2-28C-2",244.58,21.94,11.1476754785779
2019-03-26,"F12M14",4.5,28,"2-28D","2-28D-3",244.84,21.94,11.1595259799453
2019-03-26,"F12M14",4.5,28,"2-28D","2-28D-6",237.23,21.94,10.8126709206928
2019-03-26,"F09M11",4.5,28,"2-28B","2-28B-1",223.16,21.8666666666667,10.205487804878
2019-03-26,"F09M11",4.5,28,"2-28B","2-28B-5",239.23,21.8666666666667,10.9403963414634
2019-03-26,"F12M14",4.5,28,"2-28D","2-28D-4",245.79,21.8666666666667,11.2403963414634
2019-03-28,"F09M11",4.5,28,"2-28A","2-28A-6",236.23,21.6133333333333,10.9298272671191
2019-03-30,"F09M11",4.5,28,"2-28A","2-28A-1",239.77,21.62,11.0901942645698
2019-03-30,"F09M11",4.5,28,"2-28A","2-28A-4",223.56,21.62,10.3404255319149
2019-03-30,"F09M11",4.5,28,"2-28B","2-28B-3",206.46,21.62,9.54949121184089
2019-03-30,"F09M11",4.5,28,"2-28B","2-28B-4",205.29,21.62,9.49537465309898
2019-03-30,"F12M14",4.5,28,"2-28C","2-28C-3",239.03,21.62,11.0559666975023
2019-03-30,"F12M14",4.5,28,"2-28C","2-28C-5",237.98,21.62,11.0074005550416
2019-04-01,"F09M11",4.5,28,"2-28A","2-28A-5",241.67,21.6966666666667,11.1385773544323
2019-04-01,"F09M11",4.5,28,"2-28B","2-28B-2",224.4,21.6966666666667,10.3426025503149
2019-04-01,"F12M14",4.5,28,"2-28D","2-28D-1",239.91,21.6966666666667,11.0574589030573
2019-04-01,"F12M14",4.5,28,"2-28D","2-28D-2",248.03,21.6966666666667,11.431709940083
2019-04-01,"F12M14",4.5,28,"2-28D","2-28D-5",246.31,21.6966666666667,11.3524350898756
2019-03-05,"F07M12",4.5,29,"2-29B","2-29B-4",224.52,21.3333333333333,10.524375
2019-03-08,"F07M12",4.5,29,"2-29B","2-29B-4",235.38,21.2666666666667,11.0680250783699
2019-03-10,"F01M04",4.5,29,"2-29D","2-29D-3",213.75,21.3166666666667,10.027365129007
2019-03-18,"F01M04",4.5,29,"2-29D","2-29D-2",224.79,21.94,10.2456700091158
2019-03-20,"F01M04",4.5,29,"2-29D","2-29D-1",216.71,21.7433333333333,9.96673309826767
2019-03-24,"F07M12",4.5,29,"2-29A","2-29A-3",247.35,22.1,11.1923076923077
2019-03-26,"F07M12",4.5,29,"2-29A","2-29A-4",240.34,21.7466666666667,11.0518087063151
2019-03-26,"F07M12",4.5,29,"2-29B","2-29B-6",257.48,21.7466666666667,11.8399754751686
2019-03-28,"F07M12",4.5,29,"2-29A","2-29A-2",244.07,21.8733333333333,11.1583358732094
2019-03-28,"F07M12",4.5,29,"2-29B","2-29B-3",244.2,21.8733333333333,11.1642791831759
2019-03-30,"F07M12",4.5,29,"2-29A","2-29A-1",257.39,21.6633333333333,11.881366364056
2019-03-30,"F07M12",4.5,29,"2-29A","2-29A-6",251.9,21.6633333333333,11.6279427604247
2019-03-30,"F07M12",4.5,29,"2-29B","2-29B-2",245.02,21.6633333333333,11.3103554392984
2019-04-01,"F07M12",4.5,29,"2-29A","2-29A-5",237.27,21.6333333333333,10.9677966101695
2019-04-01,"F07M12",4.5,29,"2-29B","2-29B-1",238.47,21.6333333333333,11.0232665639445
2019-04-03,"F07M12",4.5,29,"2-29B","2-29B-5",312.57,29.06,10.7560220233999
2019-03-08,"F09M11",4.5,30,"2-30A","2-30A-3",212.02,21.1633333333333,10.0182705937943
2019-03-12,"F09M11",4.5,30,"2-30B","2-30B-3",215.88,21.2833333333333,10.1431480031323
2019-03-18,"F12M14",4.5,30,"2-30C","2-30C-3",239.81,21.76,11.0206801470588
2019-03-18,"F12M14",4.5,30,"2-30C","2-30C-6",242.57,21.76,11.1475183823529
2019-03-22,"F09M11",4.5,30,"2-30B","2-30B-2",235.44,21.89,10.7555961626313
2019-03-22,"F09M11",4.5,30,"2-30B","2-30B-5",224.55,21.89,10.2581087254454
2019-03-24,"F09M11",4.5,30,"2-30A","2-30A-2",218.53,21.8566666666667,9.9983224035382
2019-03-24,"F12M14",4.5,30,"2-30C","2-30C-2",247.34,21.8566666666667,11.3164556962025
2019-03-24,"F12M14",4.5,30,"2-30C","2-30C-5",227.32,21.8566666666667,10.4004880280616
2019-03-24,"F12M14",4.5,30,"2-30D","2-30D-3",243.24,21.8566666666667,11.1288699100198
2019-03-24,"F12M14",4.5,30,"2-30D","2-30D-4",236.35,21.8566666666667,10.8136342839713
2019-03-24,"F12M14",4.5,30,"2-30D","2-30D-5",252.06,21.8566666666667,11.5324081134665
2019-03-24,"F12M14",4.5,30,"2-30D","2-30D-6",233.8,21.8566666666667,10.6969650754918
2019-03-24,"F12M14",4.5,30,"2-30C","2-30C-4",246.52,21.8833333333333,11.2651942117289
2019-03-26,"F09M11",4.5,30,"2-30A","2-30A-6",246.1,21.48,11.4571694599628
2019-03-26,"F09M11",4.5,30,"2-30B","2-30B-6",217.14,21.48,10.108938547486
2019-03-28,"F09M11",4.5,30,"2-30B","2-30B-1",211.5,21.58,9.80074142724745
2019-04-01,"F09M11",4.5,30,"2-30A","2-30A-5",224.15,21.4966666666667,10.4271980151962
2019-04-01,"F09M11",4.5,30,"2-30B","2-30B-4",202.14,21.4966666666667,9.40331834392929
2019-03-20,"F07M12",4.5,90,"2-90D","2-90D-1",227.16,21.5066666666667,10.5623062616243
2019-03-22,"F07M12",4.5,90,"2-90D","2-90D-6",240.17,21.7233333333333,11.0558539205156
2019-03-24,"F01M01",4.5,90,"2-90A","2-90A-1",237.29,21.7666666666667,10.9015313935681
2019-03-24,"F07M12",4.5,90,"2-90C","2-90C-2",237.48,21.7666666666667,10.9102603369066
2019-03-24,"F07M12",4.5,90,"2-90D","2-90D-2",253.3,21.7666666666667,11.6370597243492
2019-03-24,"F07M12",4.5,90,"2-90D","2-90D-4",238.68,21.7666666666667,10.9653905053599
2019-03-26,"F01M01",4.5,90,"2-90B","2-90B-1",242.87,21.97,11.0546199362767
2019-03-26,"F07M12",4.5,90,"2-90D","2-90D-3",241.76,21.97,11.0040964952208
2019-03-28,"F07M12",4.5,90,"2-90C","2-90C-4",243.59,21.6466666666667,11.2530027717893
2019-03-28,"F07M12",4.5,90,"2-90C","2-90C-6",245.86,21.6466666666667,11.3578688019711
2019-03-30,"F07M12",4.5,90,"2-90C","2-90C-3",245.52,21.7633333333333,11.2813600857712
2019-03-30,"F07M12",4.5,90,"2-90C","2-90C-5",235.52,21.7633333333333,10.8218716495635
2019-04-01,"F01M01",4.5,90,"2-90A","2-90A-4",242.99,21.56,11.2704081632653
2019-04-01,"F07M12",4.5,90,"2-90D","2-90D-5",240.24,21.56,11.1428571428571
2019-04-03,"F07M12",4.5,90,"2-90C","2-90C-1",329.37,29.1733333333333,11.29010511883
